<?xml version="1.0" encoding="UTF-8" standalone="yes"?>
<addon id="plugin.video.K-PT.Matrix" name="[COLOR lime]K[/COLOR] - [COLOR red]Pt[/COLOR]" version="1.0.1+matrix.1" provider-name="Flechanegra"> 
<requires>
    <import addon="xbmc.python" version="3.0.0"/>
    <import addon="script.module.requests"/>
    <import addon="script.module.simplejson"/>
	<import addon="script.module.kodi-six" />
</requires>  
<extension point="xbmc.python.pluginsource" library="default.py">
	<provides>video</provides>
</extension>   
<extension point="xbmc.addon.metadata">
	<summary lang="en">[COLORorange]Infinity[/COLOR][COLORorange]is an add-on from the K-PT Flechanegra family. ALL LINKS ARE AVAILABLE ON THE INTERNET![/COLOR]</summary>
	<summary lang="pt">[COLORorange]Infinity[/COLOR] [COLORorange]é um addon da familia K-PT Flechanegra.TODOS OS LINKS ESTÃO DISPONIVEIS NA INTERNET![/COLOR]</summary>
	<description lang="en">[COLOR red]Flecha[/COLOR] [COLOR black]Negra[/COLOR] [COLORorange]is an add-on from the K-PT Flechanegra family. ALL LINKS ARE AVAILABLE ON THE INTERNET![/COLOR]</description>
	<description lang="pt">[COLOR red]Flecha[/COLOR] [COLOR black]Negra[/COLOR] [COLORorange]é um addon da familia K-PT Flechanegra.TODOS OS LINKS ESTÃO DISPONIVEIS NA INTERNET![/COLOR]</description>
    <disclaimer lang="en">The author is in no way affiliated with Kodi, Team Kodi or the XBMC Foundation. This is a non-profit resource.</disclaimer>
	<disclaimer lang="pt">O autor não é de forma alguma afiliado ao Kodi, Team Kodi ou a XBMC Foundation. Este é um recurso sem fins lucrativos.</disclaimer>
    <platform>all</platform>
	<assets>
       <icon>icon.png</icon>
       <fanart>fanart.jpg</fanart>
	   <screenshot>resources/screenshots/1.jpg</screenshot>
       <screenshot>resources/screenshots/2.jpg</screenshot>
       <screenshot>resources/screenshots/3.jpg</screenshot>
	   </assets>
	<news>
v1.0.0.matrix.1
- Inauguração Flechanegra em Python 3
	</news>
</extension>
</addon>