<?xml version="1.0" encoding="UTF-8" standalone="yes"?>
<addon id="repository.yetimatrix" name="[COLOR white]Yeti[/COLOR][COLOR white][/COLOR]Matrix [COLOR cyan]Repository[/COLOR]" version="1.9.0" provider-name="Flecha Negra">
	
	<extension point="xbmc.addon.repository" name="[COLOR white]Yeti[/COLOR][COLOR white][/COLOR]Matrix [COLOR cyan]Repository[/COLOR]">
		   
		<dir>
			<info compressed="false">https://raw.githubusercontent.com/yetimatrix/yetimatrix.github.io/main/addons.xml</info>
			<checksum>https://raw.githubusercontent.com/yetimatrix/yetimatrix.github.io/main/addons.xml.md5</checksum>
			<datadir zip="true">https://raw.githubusercontent.com/yetimatrix/yetimatrix.github.io/main</datadir>
			
		</dir>

	</extension>
	<extension point="xbmc.addon.metadata">
		<summary>Yeti Matrix Repo</summary>
		<description>Official Repository for Yeti Matrix</description>
		<platform>all</platform>
		
		<assets>
            <icon>icon.png</icon>
			<fanart>fanart.jpg</fanart>
        </assets>
	</extension>	
	
</addon>