<?xml version="1.0" encoding="UTF-8" standalone="yes"?>
<addon id="plugin.program.yetimatrix.wizard" name="[COLOR white]yeti matrix[/COLOR][COLORwhite]Matrix Wizard[/COLOR]" version="1.0" provider-name="Yeti Build">
    <requires>
        <import addon="xbmc.python" version="3.0.0" />
        <import addon="script.module.requests" />
        <import addon="script.module.six" />
        <import addon="script.kodi.android.update" optional="true" version="1.1.7" />
        <import addon="script.speedtester" optional="true" version="1.1.2" />
    </requires>
    
    <extension point="xbmc.python.pluginsource" library="default.py">
        <provides>executable</provides>
    </extension>
    
    <extension point="xbmc.service" library="startup.py" start="startup" />
    
    <extension point="xbmc.addon.metadata">
       
       
        <platform>all</platform>
        
   
        <assets>
            <icon>icon.png</icon>
            <fanart>fanart.jpg</fanart>
        </assets>
    </extension>
</addon>
